1,Drama
2,Action
3,Comedy
4,Horror
5,Sci-Fi
6,Romance
7,Thriller
8,Adventure
9,Documentary
10,Animation
11,Fantasy
12,Mystery
13,Biography
14,Musical
15,Western
16,Sports
17,War
18,Crime
19,Family
20,History
422,action_action
423,action_adventure
424,action_animation
425,action_biography
426,action_comedy
427,action_crime
428,action_documentary
429,action_drama
430,action_family
431,action_fantasy
432,action_history
433,action_horror
434,action_musical
435,action_mystery
436,action_romance
437,action_sci-fi
438,action_sports
439,action_thriller
440,action_war
441,action_western
442,adventure_action
443,adventure_adventure
444,adventure_animation
445,adventure_biography
446,adventure_comedy
447,adventure_crime
448,adventure_documentary
449,adventure_drama
450,adventure_family
451,adventure_fantasy
452,adventure_history
453,adventure_horror
454,adventure_musical
455,adventure_mystery
456,adventure_romance
457,adventure_sci-fi
458,adventure_sports
459,adventure_thriller
460,adventure_war
461,adventure_western
462,animation_action
463,animation_adventure
464,animation_animation
465,animation_biography
466,animation_comedy
467,animation_crime
468,animation_documentary
469,animation_drama
470,animation_family
471,animation_fantasy
472,animation_history
473,animation_horror
474,animation_musical
475,animation_mystery
476,animation_romance
477,animation_sci-fi
478,animation_sports
479,animation_thriller
480,animation_war
481,animation_western
482,biography_action
483,biography_adventure
484,biography_animation
485,biography_biography
486,biography_comedy
487,biography_crime
488,biography_documentary
489,biography_drama
490,biography_family
491,biography_fantasy
492,biography_history
493,biography_horror
494,biography_musical
495,biography_mystery
496,biography_romance
497,biography_sci-fi
498,biography_sports
499,biography_thriller
500,biography_war
501,biography_western
502,comedy_action
503,comedy_adventure
504,comedy_animation
505,comedy_biography
506,comedy_comedy
507,comedy_crime
508,comedy_documentary
509,comedy_drama
510,comedy_family
511,comedy_fantasy
512,comedy_history
513,comedy_horror
514,comedy_musical
515,comedy_mystery
516,comedy_romance
517,comedy_sci-fi
518,comedy_sports
519,comedy_thriller
520,comedy_war
521,comedy_western
522,crime_action
523,crime_adventure
524,crime_animation
525,crime_biography
526,crime_comedy
527,crime_crime
528,crime_documentary
529,crime_drama
530,crime_family
531,crime_fantasy
532,crime_history
533,crime_horror
534,crime_musical
535,crime_mystery
536,crime_romance
537,crime_sci-fi
538,crime_sports
539,crime_thriller
540,crime_war
541,crime_western
542,documentary_action
543,documentary_adventure
544,documentary_animation
545,documentary_biography
546,documentary_comedy
547,documentary_crime
548,documentary_documentary
549,documentary_drama
550,documentary_family
551,documentary_fantasy
552,documentary_history
553,documentary_horror
554,documentary_musical
555,documentary_mystery
556,documentary_romance
557,documentary_sci-fi
558,documentary_sports
559,documentary_thriller
560,documentary_war
561,documentary_western
562,drama_action
563,drama_adventure
564,drama_animation
565,drama_biography
566,drama_comedy
567,drama_crime
568,drama_documentary
569,drama_drama
570,drama_family
571,drama_fantasy
572,drama_history
573,drama_horror
574,drama_musical
575,drama_mystery
576,drama_romance
577,drama_sci-fi
578,drama_sports
579,drama_thriller
580,drama_war
581,drama_western
582,family_action
583,family_adventure
584,family_animation
585,family_biography
586,family_comedy
587,family_crime
588,family_documentary
589,family_drama
590,family_family
591,family_fantasy
592,family_history
593,family_horror
594,family_musical
595,family_mystery
596,family_romance
597,family_sci-fi
598,family_sports
599,family_thriller
600,family_war
601,family_western
602,fantasy_action
603,fantasy_adventure
604,fantasy_animation
605,fantasy_biography
606,fantasy_comedy
607,fantasy_crime
608,fantasy_documentary
609,fantasy_drama
610,fantasy_family
611,fantasy_fantasy
612,fantasy_history
613,fantasy_horror
614,fantasy_musical
615,fantasy_mystery
616,fantasy_romance
617,fantasy_sci-fi
618,fantasy_sports
619,fantasy_thriller
620,fantasy_war
621,fantasy_western
622,history_action
623,history_adventure
624,history_animation
625,history_biography
626,history_comedy
627,history_crime
628,history_documentary
629,history_drama
630,history_family
631,history_fantasy
632,history_history
633,history_horror
634,history_musical
635,history_mystery
636,history_romance
637,history_sci-fi
638,history_sports
639,history_thriller
640,history_war
641,history_western
642,horror_action
643,horror_adventure
644,horror_animation
645,horror_biography
646,horror_comedy
647,horror_crime
648,horror_documentary
649,horror_drama
650,horror_family
651,horror_fantasy
652,horror_history
653,horror_horror
654,horror_musical
655,horror_mystery
656,horror_romance
657,horror_sci-fi
658,horror_sports
659,horror_thriller
660,horror_war
661,horror_western
662,musical_action
663,musical_adventure
664,musical_animation
665,musical_biography
666,musical_comedy
667,musical_crime
668,musical_documentary
669,musical_drama
670,musical_family
671,musical_fantasy
672,musical_history
673,musical_horror
674,musical_musical
675,musical_mystery
676,musical_romance
677,musical_sci-fi
678,musical_sports
679,musical_thriller
680,musical_war
681,musical_western
682,mystery_action
683,mystery_adventure
684,mystery_animation
685,mystery_biography
686,mystery_comedy
687,mystery_crime
688,mystery_documentary
689,mystery_drama
690,mystery_family
691,mystery_fantasy
692,mystery_history
693,mystery_horror
694,mystery_musical
695,mystery_mystery
696,mystery_romance
697,mystery_sci-fi
698,mystery_sports
699,mystery_thriller
700,mystery_war
701,mystery_western
702,romance_action
703,romance_adventure
704,romance_animation
705,romance_biography
706,romance_comedy
707,romance_crime
708,romance_documentary
709,romance_drama
710,romance_family
711,romance_fantasy
712,romance_history
713,romance_horror
714,romance_musical
715,romance_mystery
716,romance_romance
717,romance_sci-fi
718,romance_sports
719,romance_thriller
720,romance_war
721,romance_western
722,sci-fi_action
723,sci-fi_adventure
724,sci-fi_animation
725,sci-fi_biography
726,sci-fi_comedy
727,sci-fi_crime
728,sci-fi_documentary
729,sci-fi_drama
730,sci-fi_family
731,sci-fi_fantasy
732,sci-fi_history
733,sci-fi_horror
734,sci-fi_musical
735,sci-fi_mystery
736,sci-fi_romance
737,sci-fi_sci-fi
738,sci-fi_sports
739,sci-fi_thriller
740,sci-fi_war
741,sci-fi_western
742,sports_action
743,sports_adventure
744,sports_animation
745,sports_biography
746,sports_comedy
747,sports_crime
748,sports_documentary
749,sports_drama
750,sports_family
751,sports_fantasy
752,sports_history
753,sports_horror
754,sports_musical
755,sports_mystery
756,sports_romance
757,sports_sci-fi
758,sports_sports
759,sports_thriller
760,sports_war
761,sports_western
762,thriller_action
763,thriller_adventure
764,thriller_animation
765,thriller_biography
766,thriller_comedy
767,thriller_crime
768,thriller_documentary
769,thriller_drama
770,thriller_family
771,thriller_fantasy
772,thriller_history
773,thriller_horror
774,thriller_musical
775,thriller_mystery
776,thriller_romance
777,thriller_sci-fi
778,thriller_sports
779,thriller_thriller
780,thriller_war
781,thriller_western
782,war_action
783,war_adventure
784,war_animation
785,war_biography
786,war_comedy
787,war_crime
788,war_documentary
789,war_drama
790,war_family
791,war_fantasy
792,war_history
793,war_horror
794,war_musical
795,war_mystery
796,war_romance
797,war_sci-fi
798,war_sports
799,war_thriller
800,war_war
801,war_western
802,western_action
803,western_adventure
804,western_animation
805,western_biography
806,western_comedy
807,western_crime
808,western_documentary
809,western_drama
810,western_family
811,western_fantasy
812,western_history
813,western_horror
814,western_musical
815,western_mystery
816,western_romance
817,western_sci-fi
818,western_sports
819,western_thriller
820,western_war
821,western_western
1402,action_action_1
1403,action_adventure_2
1404,action_animation_3
1405,action_biography_4
1406,action_comedy_5
1407,action_crime_6
1408,action_documentary_7
1409,action_drama_8
1410,action_family_9
1411,action_fantasy_10
1412,action_history_11
1413,action_horror_12
1414,action_musical_13
1415,action_mystery_14
1416,action_romance_15
1417,action_sci-fi_16
1418,action_sports_17
1419,action_thriller_18
1420,action_war_19
1421,action_western_20
1422,adventure_action_21
1423,adventure_adventure_22
1424,adventure_animation_23
1425,adventure_biography_24
1426,adventure_comedy_25
1427,adventure_crime_26
1428,adventure_documentary_27
1429,adventure_drama_28
1430,adventure_family_29
1431,adventure_fantasy_30
1432,adventure_history_31
1433,adventure_horror_32
1434,adventure_musical_33
1435,adventure_mystery_34
1436,adventure_romance_35
1437,adventure_sci-fi_36
1438,adventure_sports_37
1439,adventure_thriller_38
1440,adventure_war_39
1441,adventure_western_40
1442,animation_action_41
1443,animation_adventure_42
1444,animation_animation_43
1445,animation_biography_44
1446,animation_comedy_45
1447,animation_crime_46
1448,animation_documentary_47
1449,animation_drama_48
1450,animation_family_49
1451,animation_fantasy_50
1452,animation_history_51
1453,animation_horror_52
1454,animation_musical_53
1455,animation_mystery_54
1456,animation_romance_55
1457,animation_sci-fi_56
1458,animation_sports_57
1459,animation_thriller_58
1460,animation_war_59
1461,animation_western_60
1462,biography_action_61
1463,biography_adventure_62
1464,biography_animation_63
1465,biography_biography_64
1466,biography_comedy_65
1467,biography_crime_66
1468,biography_documentary_67
1469,biography_drama_68
1470,biography_family_69
1471,biography_fantasy_70
1472,biography_history_71
1473,biography_horror_72
1474,biography_musical_73
1475,biography_mystery_74
1476,biography_romance_75
1477,biography_sci-fi_76
1478,biography_sports_77
1479,biography_thriller_78
1480,biography_war_79
1481,biography_western_80
1482,comedy_action_81
1483,comedy_adventure_82
1484,comedy_animation_83
1485,comedy_biography_84
1486,comedy_comedy_85
1487,comedy_crime_86
1488,comedy_documentary_87
1489,comedy_drama_88
1490,comedy_family_89
1491,comedy_fantasy_90
1492,comedy_history_91
1493,comedy_horror_92
1494,comedy_musical_93
1495,comedy_mystery_94
1496,comedy_romance_95
1497,comedy_sci-fi_96
1498,comedy_sports_97
1499,comedy_thriller_98
1500,comedy_war_99
1501,comedy_western_100
1502,crime_action_101
1503,crime_adventure_102
1504,crime_animation_103
1505,crime_biography_104
1506,crime_comedy_105
1507,crime_crime_106
1508,crime_documentary_107
1509,crime_drama_108
1510,crime_family_109
1511,crime_fantasy_110
1512,crime_history_111
1513,crime_horror_112
1514,crime_musical_113
1515,crime_mystery_114
1516,crime_romance_115
1517,crime_sci-fi_116
1518,crime_sports_117
1519,crime_thriller_118
1520,crime_war_119
1521,crime_western_120
1522,documentary_action_121
1523,documentary_adventure_122
1524,documentary_animation_123
1525,documentary_biography_124
1526,documentary_comedy_125
1527,documentary_crime_126
1528,documentary_documentary_127
1529,documentary_drama_128
1530,documentary_family_129
1531,documentary_fantasy_130
1532,documentary_history_131
1533,documentary_horror_132
1534,documentary_musical_133
1535,documentary_mystery_134
1536,documentary_romance_135
1537,documentary_sci-fi_136
1538,documentary_sports_137
1539,documentary_thriller_138
1540,documentary_war_139
1541,documentary_western_140
1542,drama_action_141
1543,drama_adventure_142
1544,drama_animation_143
1545,drama_biography_144
1546,drama_comedy_145
1547,drama_crime_146
1548,drama_documentary_147
1549,drama_drama_148
1550,drama_family_149
1551,drama_fantasy_150
1552,drama_history_151
1553,drama_horror_152
1554,drama_musical_153
1555,drama_mystery_154
1556,drama_romance_155
1557,drama_sci-fi_156
1558,drama_sports_157
1559,drama_thriller_158
1560,drama_war_159
1561,drama_western_160
1562,family_action_161
1563,family_adventure_162
1564,family_animation_163
1565,family_biography_164
1566,family_comedy_165
1567,family_crime_166
1568,family_documentary_167
1569,family_drama_168
1570,family_family_169
1571,family_fantasy_170
1572,family_history_171
1573,family_horror_172
1574,family_musical_173
1575,family_mystery_174
1576,family_romance_175
1577,family_sci-fi_176
1578,family_sports_177
1579,family_thriller_178
1580,family_war_179
1581,family_western_180
1582,fantasy_action_181
1583,fantasy_adventure_182
1584,fantasy_animation_183
1585,fantasy_biography_184
1586,fantasy_comedy_185
1587,fantasy_crime_186
1588,fantasy_documentary_187
1589,fantasy_drama_188
1590,fantasy_family_189
1591,fantasy_fantasy_190
1592,fantasy_history_191
1593,fantasy_horror_192
1594,fantasy_musical_193
1595,fantasy_mystery_194
1596,fantasy_romance_195
1597,fantasy_sci-fi_196
1598,fantasy_sports_197
1599,fantasy_thriller_198
1600,fantasy_war_199
1601,fantasy_western_200
1602,history_action_201
1603,history_adventure_202
1604,history_animation_203
1605,history_biography_204
1606,history_comedy_205
1607,history_crime_206
1608,history_documentary_207
1609,history_drama_208
1610,history_family_209
1611,history_fantasy_210
1612,history_history_211
1613,history_horror_212
1614,history_musical_213
1615,history_mystery_214
1616,history_romance_215
1617,history_sci-fi_216
1618,history_sports_217
1619,history_thriller_218
1620,history_war_219
1621,history_western_220
1622,horror_action_221
1623,horror_adventure_222
1624,horror_animation_223
1625,horror_biography_224
1626,horror_comedy_225
1627,horror_crime_226
1628,horror_documentary_227
1629,horror_drama_228
1630,horror_family_229
1631,horror_fantasy_230
1632,horror_history_231
1633,horror_horror_232
1634,horror_musical_233
1635,horror_mystery_234
1636,horror_romance_235
1637,horror_sci-fi_236
1638,horror_sports_237
1639,horror_thriller_238
1640,horror_war_239
1641,horror_western_240
1642,musical_action_241
1643,musical_adventure_242
1644,musical_animation_243
1645,musical_biography_244
1646,musical_comedy_245
1647,musical_crime_246
1648,musical_documentary_247
1649,musical_drama_248
1650,musical_family_249
1651,musical_fantasy_250
1652,musical_history_251
1653,musical_horror_252
1654,musical_musical_253
1655,musical_mystery_254
1656,musical_romance_255
1657,musical_sci-fi_256
1658,musical_sports_257
1659,musical_thriller_258
1660,musical_war_259
1661,musical_western_260
1662,mystery_action_261
1663,mystery_adventure_262
1664,mystery_animation_263
1665,mystery_biography_264
1666,mystery_comedy_265
1667,mystery_crime_266
1668,mystery_documentary_267
1669,mystery_drama_268
1670,mystery_family_269
1671,mystery_fantasy_270
1672,mystery_history_271
1673,mystery_horror_272
1674,mystery_musical_273
1675,mystery_mystery_274
1676,mystery_romance_275
1677,mystery_sci-fi_276
1678,mystery_sports_277
1679,mystery_thriller_278
1680,mystery_war_279
1681,mystery_western_280
1682,romance_action_281
1683,romance_adventure_282
1684,romance_animation_283
1685,romance_biography_284
1686,romance_comedy_285
1687,romance_crime_286
1688,romance_documentary_287
1689,romance_drama_288
1690,romance_family_289
1691,romance_fantasy_290
1692,romance_history_291
1693,romance_horror_292
1694,romance_musical_293
1695,romance_mystery_294
1696,romance_romance_295
1697,romance_sci-fi_296
1698,romance_sports_297
1699,romance_thriller_298
1700,romance_war_299
1701,romance_western_300
1702,sci-fi_action_301
1703,sci-fi_adventure_302
1704,sci-fi_animation_303
1705,sci-fi_biography_304
1706,sci-fi_comedy_305
1707,sci-fi_crime_306
1708,sci-fi_documentary_307
1709,sci-fi_drama_308
1710,sci-fi_family_309
1711,sci-fi_fantasy_310
1712,sci-fi_history_311
1713,sci-fi_horror_312
1714,sci-fi_musical_313
1715,sci-fi_mystery_314
1716,sci-fi_romance_315
1717,sci-fi_sci-fi_316
1718,sci-fi_sports_317
1719,sci-fi_thriller_318
1720,sci-fi_war_319
1721,sci-fi_western_320
1722,sports_action_321
1723,sports_adventure_322
1724,sports_animation_323
1725,sports_biography_324
1726,sports_comedy_325
1727,sports_crime_326
1728,sports_documentary_327
1729,sports_drama_328
1730,sports_family_329
1731,sports_fantasy_330
1732,sports_history_331
1733,sports_horror_332
1734,sports_musical_333
1735,sports_mystery_334
1736,sports_romance_335
1737,sports_sci-fi_336
1738,sports_sports_337
1739,sports_thriller_338
1740,sports_war_339
1741,sports_western_340
1742,thriller_action_341
1743,thriller_adventure_342
1744,thriller_animation_343
1745,thriller_biography_344
1746,thriller_comedy_345
1747,thriller_crime_346
1748,thriller_documentary_347
1749,thriller_drama_348
1750,thriller_family_349
1751,thriller_fantasy_350
1752,thriller_history_351
1753,thriller_horror_352
1754,thriller_musical_353
1755,thriller_mystery_354
1756,thriller_romance_355
1757,thriller_sci-fi_356
1758,thriller_sports_357
1759,thriller_thriller_358
1760,thriller_war_359
1761,thriller_western_360
1762,war_action_361
1763,war_adventure_362
1764,war_animation_363
1765,war_biography_364
1766,war_comedy_365
1767,war_crime_366
1768,war_documentary_367
1769,war_drama_368
1770,war_family_369
1771,war_fantasy_370
1772,war_history_371
1773,war_horror_372
1774,war_musical_373
1775,war_mystery_374
1776,war_romance_375
1777,war_sci-fi_376
1778,war_sports_377
1779,war_thriller_378
1780,war_war_379
1781,war_western_380
1782,western_action_381
1783,western_adventure_382
1784,western_animation_383
1785,western_biography_384
1786,western_comedy_385
1787,western_crime_386
1788,western_documentary_387
1789,western_drama_388
1790,western_family_389
1791,western_fantasy_390
1792,western_history_391
1793,western_horror_392
1794,western_musical_393
1795,western_mystery_394
1796,western_romance_395
1797,western_sci-fi_396
1798,western_sports_397
1799,western_thriller_398
1800,western_war_399
1801,western_western_400
1802,action_action_401
1803,action_adventure_402
1804,action_animation_403
1805,action_biography_404
1806,action_comedy_405
1807,action_crime_406
1808,action_documentary_407
1809,action_drama_408
1810,action_family_409
1811,action_fantasy_410
1812,action_history_411
1813,action_horror_412
1814,action_musical_413
1815,action_mystery_414
1816,action_romance_415
1817,action_sci-fi_416
1818,action_sports_417
1819,action_thriller_418
1820,action_war_419
1821,action_western_420
1822,adventure_action_421
1823,adventure_adventure_422
1824,adventure_animation_423
1825,adventure_biography_424
1826,adventure_comedy_425
1827,adventure_crime_426
1828,adventure_documentary_427
1829,adventure_drama_428
1830,adventure_family_429
1831,adventure_fantasy_430
1832,adventure_history_431
1833,adventure_horror_432
1834,adventure_musical_433
1835,adventure_mystery_434
1836,adventure_romance_435
1837,adventure_sci-fi_436
1838,adventure_sports_437
1839,adventure_thriller_438
1840,adventure_war_439
1841,adventure_western_440
1842,animation_action_441
1843,animation_adventure_442
1844,animation_animation_443
1845,animation_biography_444
1846,animation_comedy_445
1847,animation_crime_446
1848,animation_documentary_447
1849,animation_drama_448
1850,animation_family_449
1851,animation_fantasy_450
1852,animation_history_451
1853,animation_horror_452
1854,animation_musical_453
1855,animation_mystery_454
1856,animation_romance_455
1857,animation_sci-fi_456
1858,animation_sports_457
1859,animation_thriller_458
1860,animation_war_459
1861,animation_western_460
1862,biography_action_461
1863,biography_adventure_462
1864,biography_animation_463
1865,biography_biography_464
1866,biography_comedy_465
1867,biography_crime_466
1868,biography_documentary_467
1869,biography_drama_468
1870,biography_family_469
1871,biography_fantasy_470
1872,biography_history_471
1873,biography_horror_472
1874,biography_musical_473
1875,biography_mystery_474
1876,biography_romance_475
1877,biography_sci-fi_476
1878,biography_sports_477
1879,biography_thriller_478
1880,biography_war_479
1881,biography_western_480
1882,comedy_action_481
1883,comedy_adventure_482
1884,comedy_animation_483
1885,comedy_biography_484
1886,comedy_comedy_485
1887,comedy_crime_486
1888,comedy_documentary_487
1889,comedy_drama_488
1890,comedy_family_489
1891,comedy_fantasy_490
1892,comedy_history_491
1893,comedy_horror_492
1894,comedy_musical_493
1895,comedy_mystery_494
1896,comedy_romance_495
1897,comedy_sci-fi_496
1898,comedy_sports_497
1899,comedy_thriller_498
1900,comedy_war_499
1901,comedy_western_500
1902,crime_action_501
1903,crime_adventure_502
1904,crime_animation_503
1905,crime_biography_504
1906,crime_comedy_505
1907,crime_crime_506
1908,crime_documentary_507
1909,crime_drama_508
1910,crime_family_509
1911,crime_fantasy_510
1912,crime_history_511
1913,crime_horror_512
1914,crime_musical_513
1915,crime_mystery_514
1916,crime_romance_515
1917,crime_sci-fi_516
1918,crime_sports_517
1919,crime_thriller_518
1920,crime_war_519
1921,crime_western_520
1922,documentary_action_521
1923,documentary_adventure_522
1924,documentary_animation_523
1925,documentary_biography_524
1926,documentary_comedy_525
1927,documentary_crime_526
1928,documentary_documentary_527
1929,documentary_drama_528
1930,documentary_family_529
1931,documentary_fantasy_530
1932,documentary_history_531
1933,documentary_horror_532
1934,documentary_musical_533
1935,documentary_mystery_534
1936,documentary_romance_535
1937,documentary_sci-fi_536
1938,documentary_sports_537
1939,documentary_thriller_538
1940,documentary_war_539
1941,documentary_western_540
1942,drama_action_541
1943,drama_adventure_542
1944,drama_animation_543
1945,drama_biography_544
1946,drama_comedy_545
1947,drama_crime_546
1948,drama_documentary_547
1949,drama_drama_548
1950,drama_family_549
1951,drama_fantasy_550
1952,drama_history_551
1953,drama_horror_552
1954,drama_musical_553
1955,drama_mystery_554
1956,drama_romance_555
1957,drama_sci-fi_556
1958,drama_sports_557
1959,drama_thriller_558
1960,drama_war_559
1961,drama_western_560
1962,family_action_561
1963,family_adventure_562
1964,family_animation_563
1965,family_biography_564
1966,family_comedy_565
1967,family_crime_566
1968,family_documentary_567
1969,family_drama_568
1970,family_family_569
1971,family_fantasy_570
1972,family_history_571
1973,family_horror_572
1974,family_musical_573
1975,family_mystery_574
1976,family_romance_575
1977,family_sci-fi_576
1978,family_sports_577
1979,family_thriller_578
1980,family_war_579
1981,family_western_580
