1051,Award Winning,1
1052,Emotional,1
1053,Thrillers,1
1054,War,2
1055,Martial Arts,2
1056,Adventure,2
1057,Dark Comedy,3
1058,Slapstick,3
1059,Romantic Comedy,3
1060,Psychological,4
1061,Gore,4
1062,Supernatural,4
1063,Time Travel,5
1064,Cyberpunk,5
1065,Space Opera,5
1066,sub_0001_drama,1
1067,sub_0002_action,2
1068,sub_0003_comedy,3
1069,sub_0004_horror,4
1070,sub_0005_sci-fi,5
1071,sub_0006_romance,6
1072,sub_0007_thriller,7
1073,sub_0008_adventure,8
1074,sub_0009_documentary,9
1075,sub_0010_animation,10
1076,sub_0011_fantasy,11
1077,sub_0012_mystery,12
1078,sub_0013_biography,13
1079,sub_0014_musical,14
1080,sub_0015_western,15
1081,sub_0016_sports,16
1082,sub_0017_war,17
1083,sub_0018_crime,18
1084,sub_0019_family,19
1085,sub_0020_history,20
1086,sub_0021_drama,1
1087,sub_0022_action,2
1088,sub_0023_comedy,3
1089,sub_0024_horror,4
1090,sub_0025_sci-fi,5
1091,sub_0026_romance,6
1092,sub_0027_thriller,7
1093,sub_0028_adventure,8
1094,sub_0029_documentary,9
1095,sub_0030_animation,10
1096,sub_0031_fantasy,11
1097,sub_0032_mystery,12
1098,sub_0033_biography,13
1099,sub_0034_musical,14
1100,sub_0035_western,15
1101,sub_0036_sports,16
1102,sub_0037_war,17
1103,sub_0038_crime,18
1104,sub_0039_family,19
1105,sub_0040_history,20
1106,sub_0041_drama,1
1107,sub_0042_action,2
1108,sub_0043_comedy,3
1109,sub_0044_horror,4
1110,sub_0045_sci-fi,5
1111,sub_0046_romance,6
1112,sub_0047_thriller,7
1113,sub_0048_adventure,8
1114,sub_0049_documentary,9
1115,sub_0050_animation,10
1116,sub_0051_fantasy,11
1117,sub_0052_mystery,12
1118,sub_0053_biography,13
1119,sub_0054_musical,14
1120,sub_0055_western,15
1121,sub_0056_sports,16
1122,sub_0057_war,17
1123,sub_0058_crime,18
1124,sub_0059_family,19
1125,sub_0060_history,20
1126,sub_0061_drama,1
1127,sub_0062_action,2
1128,sub_0063_comedy,3
1129,sub_0064_horror,4
1130,sub_0065_sci-fi,5
1131,sub_0066_romance,6
1132,sub_0067_thriller,7
1133,sub_0068_adventure,8
1134,sub_0069_documentary,9
1135,sub_0070_animation,10
1136,sub_0071_fantasy,11
1137,sub_0072_mystery,12
1138,sub_0073_biography,13
1139,sub_0074_musical,14
1140,sub_0075_western,15
1141,sub_0076_sports,16
1142,sub_0077_war,17
1143,sub_0078_crime,18
1144,sub_0079_family,19
1145,sub_0080_history,20
1146,sub_0081_drama,1
1147,sub_0082_action,2
1148,sub_0083_comedy,3
1149,sub_0084_horror,4
1150,sub_0085_sci-fi,5
1151,sub_0086_romance,6
1152,sub_0087_thriller,7
1153,sub_0088_adventure,8
1154,sub_0089_documentary,9
1155,sub_0090_animation,10
1156,sub_0091_fantasy,11
1157,sub_0092_mystery,12
1158,sub_0093_biography,13
1159,sub_0094_musical,14
1160,sub_0095_western,15
1161,sub_0096_sports,16
1162,sub_0097_war,17
1163,sub_0098_crime,18
1164,sub_0099_family,19
1165,sub_0100_history,20
1166,sub_0101_drama,1
1167,sub_0102_action,2
1168,sub_0103_comedy,3
1169,sub_0104_horror,4
1170,sub_0105_sci-fi,5
1171,sub_0106_romance,6
1172,sub_0107_thriller,7
1173,sub_0108_adventure,8
1174,sub_0109_documentary,9
1175,sub_0110_animation,10
1176,sub_0111_fantasy,11
1177,sub_0112_mystery,12
1178,sub_0113_biography,13
1179,sub_0114_musical,14
1180,sub_0115_western,15
1181,sub_0116_sports,16
1182,sub_0117_war,17
1183,sub_0118_crime,18
1184,sub_0119_family,19
1185,sub_0120_history,20
1186,sub_0121_drama,1
1187,sub_0122_action,2
1188,sub_0123_comedy,3
1189,sub_0124_horror,4
1190,sub_0125_sci-fi,5
1191,sub_0126_romance,6
1192,sub_0127_thriller,7
1193,sub_0128_adventure,8
1194,sub_0129_documentary,9
1195,sub_0130_animation,10
1196,sub_0131_fantasy,11
1197,sub_0132_mystery,12
1198,sub_0133_biography,13
1199,sub_0134_musical,14
1200,sub_0135_western,15
1201,sub_0136_sports,16
1202,sub_0137_war,17
1203,sub_0138_crime,18
1204,sub_0139_family,19
1205,sub_0140_history,20
1206,sub_0141_drama,1
1207,sub_0142_action,2
1208,sub_0143_comedy,3
1209,sub_0144_horror,4
1210,sub_0145_sci-fi,5
1211,sub_0146_romance,6
1212,sub_0147_thriller,7
1213,sub_0148_adventure,8
1214,sub_0149_documentary,9
1215,sub_0150_animation,10
1216,sub_0151_fantasy,11
1217,sub_0152_mystery,12
1218,sub_0153_biography,13
1219,sub_0154_musical,14
1220,sub_0155_western,15
1221,sub_0156_sports,16
1222,sub_0157_war,17
1223,sub_0158_crime,18
1224,sub_0159_family,19
1225,sub_0160_history,20
1226,sub_0161_drama,1
1227,sub_0162_action,2
1228,sub_0163_comedy,3
1229,sub_0164_horror,4
1230,sub_0165_sci-fi,5
1231,sub_0166_romance,6
1232,sub_0167_thriller,7
1233,sub_0168_adventure,8
1234,sub_0169_documentary,9
1235,sub_0170_animation,10
1236,sub_0171_fantasy,11
1237,sub_0172_mystery,12
1238,sub_0173_biography,13
1239,sub_0174_musical,14
1240,sub_0175_western,15
1241,sub_0176_sports,16
1242,sub_0177_war,17
1243,sub_0178_crime,18
1244,sub_0179_family,19
1245,sub_0180_history,20
1246,sub_0181_drama,1
1247,sub_0182_action,2
1248,sub_0183_comedy,3
1249,sub_0184_horror,4
1250,sub_0185_sci-fi,5
1251,sub_0186_romance,6
1252,sub_0187_thriller,7
1253,sub_0188_adventure,8
1254,sub_0189_documentary,9
1255,sub_0190_animation,10
1256,sub_0191_fantasy,11
1257,sub_0192_mystery,12
1258,sub_0193_biography,13
1259,sub_0194_musical,14
1260,sub_0195_western,15
1261,sub_0196_sports,16
1262,sub_0197_war,17
1263,sub_0198_crime,18
1264,sub_0199_family,19
1265,sub_0200_history,20
1266,sub_0201_drama,1
1267,sub_0202_action,2
1268,sub_0203_comedy,3
1269,sub_0204_horror,4
1270,sub_0205_sci-fi,5
1271,sub_0206_romance,6
1272,sub_0207_thriller,7
1273,sub_0208_adventure,8
1274,sub_0209_documentary,9
1275,sub_0210_animation,10
1276,sub_0211_fantasy,11
1277,sub_0212_mystery,12
1278,sub_0213_biography,13
1279,sub_0214_musical,14
1280,sub_0215_western,15
1281,sub_0216_sports,16
1282,sub_0217_war,17
1283,sub_0218_crime,18
1284,sub_0219_family,19
1285,sub_0220_history,20
1286,sub_0221_drama,1
1287,sub_0222_action,2
1288,sub_0223_comedy,3
1289,sub_0224_horror,4
1290,sub_0225_sci-fi,5
1291,sub_0226_romance,6
1292,sub_0227_thriller,7
1293,sub_0228_adventure,8
1294,sub_0229_documentary,9
1295,sub_0230_animation,10
1296,sub_0231_fantasy,11
1297,sub_0232_mystery,12
1298,sub_0233_biography,13
1299,sub_0234_musical,14
1300,sub_0235_western,15
1301,sub_0236_sports,16
1302,sub_0237_war,17
1303,sub_0238_crime,18
1304,sub_0239_family,19
1305,sub_0240_history,20
1306,sub_0241_drama,1
1307,sub_0242_action,2
1308,sub_0243_comedy,3
1309,sub_0244_horror,4
1310,sub_0245_sci-fi,5
1311,sub_0246_romance,6
1312,sub_0247_thriller,7
1313,sub_0248_adventure,8
1314,sub_0249_documentary,9
1315,sub_0250_animation,10
1316,sub_0251_fantasy,11
1317,sub_0252_mystery,12
1318,sub_0253_biography,13
1319,sub_0254_musical,14
1320,sub_0255_western,15
1321,sub_0256_sports,16
1322,sub_0257_war,17
1323,sub_0258_crime,18
1324,sub_0259_family,19
1325,sub_0260_history,20
1326,sub_0261_drama,1
1327,sub_0262_action,2
1328,sub_0263_comedy,3
1329,sub_0264_horror,4
1330,sub_0265_sci-fi,5
1331,sub_0266_romance,6
1332,sub_0267_thriller,7
1333,sub_0268_adventure,8
1334,sub_0269_documentary,9
1335,sub_0270_animation,10
1336,sub_0271_fantasy,11
1337,sub_0272_mystery,12
1338,sub_0273_biography,13
1339,sub_0274_musical,14
1340,sub_0275_western,15
1341,sub_0276_sports,16
1342,sub_0277_war,17
1343,sub_0278_crime,18
1344,sub_0279_family,19
1345,sub_0280_history,20
1346,sub_0281_drama,1
1347,sub_0282_action,2
1348,sub_0283_comedy,3
1349,sub_0284_horror,4
1350,sub_0285_sci-fi,5
1351,sub_0286_romance,6
1352,sub_0287_thriller,7
1353,sub_0288_adventure,8
1354,sub_0289_documentary,9
1355,sub_0290_animation,10
1356,sub_0291_fantasy,11
1357,sub_0292_mystery,12
1358,sub_0293_biography,13
1359,sub_0294_musical,14
1360,sub_0295_western,15
1361,sub_0296_sports,16
1362,sub_0297_war,17
1363,sub_0298_crime,18
1364,sub_0299_family,19
1365,sub_0300_history,20
1366,sub_0301_drama,1
1367,sub_0302_action,2
1368,sub_0303_comedy,3
1369,sub_0304_horror,4
1370,sub_0305_sci-fi,5
1371,sub_0306_romance,6
1372,sub_0307_thriller,7
1373,sub_0308_adventure,8
1374,sub_0309_documentary,9
1375,sub_0310_animation,10
1376,sub_0311_fantasy,11
1377,sub_0312_mystery,12
1378,sub_0313_biography,13
1379,sub_0314_musical,14
1380,sub_0315_western,15
1381,sub_0316_sports,16
1382,sub_0317_war,17
1383,sub_0318_crime,18
1384,sub_0319_family,19
1385,sub_0320_history,20
1386,sub_0321_drama,1
1387,sub_0322_action,2
1388,sub_0323_comedy,3
1389,sub_0324_horror,4
1390,sub_0325_sci-fi,5
1391,sub_0326_romance,6
1392,sub_0327_thriller,7
1393,sub_0328_adventure,8
1394,sub_0329_documentary,9
1395,sub_0330_animation,10
1396,sub_0331_fantasy,11
1397,sub_0332_mystery,12
1398,sub_0333_biography,13
1399,sub_0334_musical,14
1400,sub_0335_western,15
1401,sub_0336_sports,16
1402,sub_0337_war,17
1403,sub_0338_crime,18
1404,sub_0339_family,19
1405,sub_0340_history,20
1406,sub_0341_drama,1
1407,sub_0342_action,2
1408,sub_0343_comedy,3
1409,sub_0344_horror,4
1410,sub_0345_sci-fi,5
1411,sub_0346_romance,6
1412,sub_0347_thriller,7
1413,sub_0348_adventure,8
1414,sub_0349_documentary,9
1415,sub_0350_animation,10
1416,sub_0351_fantasy,11
1417,sub_0352_mystery,12
1418,sub_0353_biography,13
1419,sub_0354_musical,14
1420,sub_0355_western,15
1421,sub_0356_sports,16
1422,sub_0357_war,17
1423,sub_0358_crime,18
1424,sub_0359_family,19
1425,sub_0360_history,20
1426,sub_0361_drama,1
1427,sub_0362_action,2
1428,sub_0363_comedy,3
1429,sub_0364_horror,4
1430,sub_0365_sci-fi,5
1431,sub_0366_romance,6
1432,sub_0367_thriller,7
1433,sub_0368_adventure,8
1434,sub_0369_documentary,9
1435,sub_0370_animation,10
1436,sub_0371_fantasy,11
1437,sub_0372_mystery,12
1438,sub_0373_biography,13
1439,sub_0374_musical,14
1440,sub_0375_western,15
1441,sub_0376_sports,16
1442,sub_0377_war,17
1443,sub_0378_crime,18
1444,sub_0379_family,19
1445,sub_0380_history,20
1446,sub_0381_drama,1
1447,sub_0382_action,2
1448,sub_0383_comedy,3
1449,sub_0384_horror,4
1450,sub_0385_sci-fi,5
1451,sub_0386_romance,6
1452,sub_0387_thriller,7
1453,sub_0388_adventure,8
1454,sub_0389_documentary,9
1455,sub_0390_animation,10
1456,sub_0391_fantasy,11
1457,sub_0392_mystery,12
1458,sub_0393_biography,13
1459,sub_0394_musical,14
1460,sub_0395_western,15
1461,sub_0396_sports,16
1462,sub_0397_war,17
1463,sub_0398_crime,18
1464,sub_0399_family,19
1465,sub_0400_history,20
1466,sub_0401_drama,1
1467,sub_0402_action,2
1468,sub_0403_comedy,3
1469,sub_0404_horror,4
1470,sub_0405_sci-fi,5
1471,sub_0406_romance,6
1472,sub_0407_thriller,7
1473,sub_0408_adventure,8
1474,sub_0409_documentary,9
1475,sub_0410_animation,10
1476,sub_0411_fantasy,11
1477,sub_0412_mystery,12
1478,sub_0413_biography,13
1479,sub_0414_musical,14
1480,sub_0415_western,15
1481,sub_0416_sports,16
1482,sub_0417_war,17
1483,sub_0418_crime,18
1484,sub_0419_family,19
1485,sub_0420_history,20
1486,sub_0421_drama,1
1487,sub_0422_action,2
1488,sub_0423_comedy,3
1489,sub_0424_horror,4
1490,sub_0425_sci-fi,5
1491,sub_0426_romance,6
1492,sub_0427_thriller,7
1493,sub_0428_adventure,8
1494,sub_0429_documentary,9
1495,sub_0430_animation,10
1496,sub_0431_fantasy,11
1497,sub_0432_mystery,12
1498,sub_0433_biography,13
1499,sub_0434_musical,14
1500,sub_0435_western,15
1501,sub_0436_sports,16
1502,sub_0437_war,17
1503,sub_0438_crime,18
1504,sub_0439_family,19
1505,sub_0440_history,20
1506,sub_0441_drama,1
1507,sub_0442_action,2
1508,sub_0443_comedy,3
1509,sub_0444_horror,4
1510,sub_0445_sci-fi,5
1511,sub_0446_romance,6
1512,sub_0447_thriller,7
1513,sub_0448_adventure,8
1514,sub_0449_documentary,9
1515,sub_0450_animation,10
1516,sub_0451_fantasy,11
1517,sub_0452_mystery,12
1518,sub_0453_biography,13
1519,sub_0454_musical,14
1520,sub_0455_western,15
1521,sub_0456_sports,16
1522,sub_0457_war,17
1523,sub_0458_crime,18
1524,sub_0459_family,19
1525,sub_0460_history,20
1526,sub_0461_drama,1
1527,sub_0462_action,2
1528,sub_0463_comedy,3
1529,sub_0464_horror,4
1530,sub_0465_sci-fi,5
1531,sub_0466_romance,6
1532,sub_0467_thriller,7
1533,sub_0468_adventure,8
1534,sub_0469_documentary,9
1535,sub_0470_animation,10
1536,sub_0471_fantasy,11
1537,sub_0472_mystery,12
1538,sub_0473_biography,13
1539,sub_0474_musical,14
1540,sub_0475_western,15
1541,sub_0476_sports,16
1542,sub_0477_war,17
1543,sub_0478_crime,18
1544,sub_0479_family,19
1545,sub_0480_history,20
1546,sub_0481_drama,1
1547,sub_0482_action,2
1548,sub_0483_comedy,3
1549,sub_0484_horror,4
1550,sub_0485_sci-fi,5
1551,sub_0486_romance,6
1552,sub_0487_thriller,7
1553,sub_0488_adventure,8
1554,sub_0489_documentary,9
1555,sub_0490_animation,10
1556,sub_0491_fantasy,11
1557,sub_0492_mystery,12
1558,sub_0493_biography,13
1559,sub_0494_musical,14
1560,sub_0495_western,15
1561,sub_0496_sports,16
1562,sub_0497_war,17
1563,sub_0498_crime,18
1564,sub_0499_family,19
1565,sub_0500_history,20
1566,sub_0501_drama,1
1567,sub_0502_action,2
1568,sub_0503_comedy,3
1569,sub_0504_horror,4
1570,sub_0505_sci-fi,5
1571,sub_0506_romance,6
1572,sub_0507_thriller,7
1573,sub_0508_adventure,8
1574,sub_0509_documentary,9
1575,sub_0510_animation,10
1576,sub_0511_fantasy,11
1577,sub_0512_mystery,12
1578,sub_0513_biography,13
1579,sub_0514_musical,14
1580,sub_0515_western,15
1581,sub_0516_sports,16
1582,sub_0517_war,17
1583,sub_0518_crime,18
1584,sub_0519_family,19
1585,sub_0520_history,20
1586,sub_0521_drama,1
1587,sub_0522_action,2
1588,sub_0523_comedy,3
1589,sub_0524_horror,4
1590,sub_0525_sci-fi,5
1591,sub_0526_romance,6
1592,sub_0527_thriller,7
1593,sub_0528_adventure,8
1594,sub_0529_documentary,9
1595,sub_0530_animation,10
1596,sub_0531_fantasy,11
1597,sub_0532_mystery,12
1598,sub_0533_biography,13
1599,sub_0534_musical,14
1600,sub_0535_western,15
1601,sub_0536_sports,16
1602,sub_0537_war,17
1603,sub_0538_crime,18
1604,sub_0539_family,19
1605,sub_0540_history,20
1606,sub_0541_drama,1
1607,sub_0542_action,2
1608,sub_0543_comedy,3
1609,sub_0544_horror,4
1610,sub_0545_sci-fi,5
1611,sub_0546_romance,6
1612,sub_0547_thriller,7
1613,sub_0548_adventure,8
1614,sub_0549_documentary,9
1615,sub_0550_animation,10
1616,sub_0551_fantasy,11
1617,sub_0552_mystery,12
1618,sub_0553_biography,13
1619,sub_0554_musical,14
1620,sub_0555_western,15
1621,sub_0556_sports,16
1622,sub_0557_war,17
1623,sub_0558_crime,18
1624,sub_0559_family,19
1625,sub_0560_history,20
1626,sub_0561_drama,1
1627,sub_0562_action,2
1628,sub_0563_comedy,3
1629,sub_0564_horror,4
1630,sub_0565_sci-fi,5
1631,sub_0566_romance,6
1632,sub_0567_thriller,7
1633,sub_0568_adventure,8
1634,sub_0569_documentary,9
1635,sub_0570_animation,10
1636,sub_0571_fantasy,11
1637,sub_0572_mystery,12
1638,sub_0573_biography,13
1639,sub_0574_musical,14
1640,sub_0575_western,15
1641,sub_0576_sports,16
1642,sub_0577_war,17
1643,sub_0578_crime,18
1644,sub_0579_family,19
1645,sub_0580_history,20
1646,sub_0581_drama,1
1647,sub_0582_action,2
1648,sub_0583_comedy,3
1649,sub_0584_horror,4
1650,sub_0585_sci-fi,5
1651,sub_0586_romance,6
1652,sub_0587_thriller,7
1653,sub_0588_adventure,8
1654,sub_0589_documentary,9
1655,sub_0590_animation,10
1656,sub_0591_fantasy,11
1657,sub_0592_mystery,12
1658,sub_0593_biography,13
1659,sub_0594_musical,14
1660,sub_0595_western,15
1661,sub_0596_sports,16
1662,sub_0597_war,17
1663,sub_0598_crime,18
1664,sub_0599_family,19
1665,sub_0600_history,20
1666,sub_0601_drama,1
1667,sub_0602_action,2
1668,sub_0603_comedy,3
1669,sub_0604_horror,4
1670,sub_0605_sci-fi,5
1671,sub_0606_romance,6
1672,sub_0607_thriller,7
1673,sub_0608_adventure,8
1674,sub_0609_documentary,9
1675,sub_0610_animation,10
1676,sub_0611_fantasy,11
1677,sub_0612_mystery,12
1678,sub_0613_biography,13
1679,sub_0614_musical,14
1680,sub_0615_western,15
1681,sub_0616_sports,16
1682,sub_0617_war,17
1683,sub_0618_crime,18
1684,sub_0619_family,19
1685,sub_0620_history,20
1686,sub_0621_drama,1
1687,sub_0622_action,2
1688,sub_0623_comedy,3
1689,sub_0624_horror,4
1690,sub_0625_sci-fi,5
1691,sub_0626_romance,6
1692,sub_0627_thriller,7
1693,sub_0628_adventure,8
1694,sub_0629_documentary,9
1695,sub_0630_animation,10
1696,sub_0631_fantasy,11
1697,sub_0632_mystery,12
1698,sub_0633_biography,13
1699,sub_0634_musical,14
1700,sub_0635_western,15
1701,sub_0636_sports,16
1702,sub_0637_war,17
1703,sub_0638_crime,18
1704,sub_0639_family,19
1705,sub_0640_history,20
1706,sub_0641_drama,1
1707,sub_0642_action,2
1708,sub_0643_comedy,3
1709,sub_0644_horror,4
1710,sub_0645_sci-fi,5
1711,sub_0646_romance,6
1712,sub_0647_thriller,7
1713,sub_0648_adventure,8
1714,sub_0649_documentary,9
1715,sub_0650_animation,10
1716,sub_0651_fantasy,11
1717,sub_0652_mystery,12
1718,sub_0653_biography,13
1719,sub_0654_musical,14
1720,sub_0655_western,15
1721,sub_0656_sports,16
1722,sub_0657_war,17
1723,sub_0658_crime,18
1724,sub_0659_family,19
1725,sub_0660_history,20
1726,sub_0661_drama,1
1727,sub_0662_action,2
1728,sub_0663_comedy,3
1729,sub_0664_horror,4
1730,sub_0665_sci-fi,5
1731,sub_0666_romance,6
1732,sub_0667_thriller,7
1733,sub_0668_adventure,8
1734,sub_0669_documentary,9
1735,sub_0670_animation,10
1736,sub_0671_fantasy,11
1737,sub_0672_mystery,12
1738,sub_0673_biography,13
1739,sub_0674_musical,14
1740,sub_0675_western,15
1741,sub_0676_sports,16
1742,sub_0677_war,17
1743,sub_0678_crime,18
1744,sub_0679_family,19
1745,sub_0680_history,20
1746,sub_0681_drama,1
1747,sub_0682_action,2
1748,sub_0683_comedy,3
1749,sub_0684_horror,4
1750,sub_0685_sci-fi,5
1751,sub_0686_romance,6
1752,sub_0687_thriller,7
1753,sub_0688_adventure,8
1754,sub_0689_documentary,9
1755,sub_0690_animation,10
1756,sub_0691_fantasy,11
1757,sub_0692_mystery,12
1758,sub_0693_biography,13
1759,sub_0694_musical,14
1760,sub_0695_western,15
1761,sub_0696_sports,16
1762,sub_0697_war,17
1763,sub_0698_crime,18
1764,sub_0699_family,19
1765,sub_0700_history,20
1766,sub_0701_drama,1
1767,sub_0702_action,2
1768,sub_0703_comedy,3
1769,sub_0704_horror,4
1770,sub_0705_sci-fi,5
1771,sub_0706_romance,6
1772,sub_0707_thriller,7
1773,sub_0708_adventure,8
1774,sub_0709_documentary,9
1775,sub_0710_animation,10
1776,sub_0711_fantasy,11
1777,sub_0712_mystery,12
1778,sub_0713_biography,13
1779,sub_0714_musical,14
1780,sub_0715_western,15
1781,sub_0716_sports,16
1782,sub_0717_war,17
1783,sub_0718_crime,18
1784,sub_0719_family,19
1785,sub_0720_history,20
1786,sub_0721_drama,1
1787,sub_0722_action,2
1788,sub_0723_comedy,3
1789,sub_0724_horror,4
1790,sub_0725_sci-fi,5
1791,sub_0726_romance,6
1792,sub_0727_thriller,7
1793,sub_0728_adventure,8
1794,sub_0729_documentary,9
1795,sub_0730_animation,10
1796,sub_0731_fantasy,11
1797,sub_0732_mystery,12
1798,sub_0733_biography,13
1799,sub_0734_musical,14
1800,sub_0735_western,15
1801,sub_0736_sports,16
1802,sub_0737_war,17
1803,sub_0738_crime,18
1804,sub_0739_family,19
1805,sub_0740_history,20
1806,sub_0741_drama,1
1807,sub_0742_action,2
1808,sub_0743_comedy,3
1809,sub_0744_horror,4
1810,sub_0745_sci-fi,5
1811,sub_0746_romance,6
1812,sub_0747_thriller,7
1813,sub_0748_adventure,8
1814,sub_0749_documentary,9
1815,sub_0750_animation,10
1816,sub_0751_fantasy,11
1817,sub_0752_mystery,12
1818,sub_0753_biography,13
1819,sub_0754_musical,14
1820,sub_0755_western,15
1821,sub_0756_sports,16
1822,sub_0757_war,17
1823,sub_0758_crime,18
1824,sub_0759_family,19
1825,sub_0760_history,20
1826,sub_0761_drama,1
1827,sub_0762_action,2
1828,sub_0763_comedy,3
1829,sub_0764_horror,4
1830,sub_0765_sci-fi,5
1831,sub_0766_romance,6
1832,sub_0767_thriller,7
1833,sub_0768_adventure,8
1834,sub_0769_documentary,9
1835,sub_0770_animation,10
1836,sub_0771_fantasy,11
1837,sub_0772_mystery,12
1838,sub_0773_biography,13
1839,sub_0774_musical,14
1840,sub_0775_western,15
1841,sub_0776_sports,16
1842,sub_0777_war,17
1843,sub_0778_crime,18
1844,sub_0779_family,19
1845,sub_0780_history,20
1846,sub_0781_drama,1
1847,sub_0782_action,2
1848,sub_0783_comedy,3
1849,sub_0784_horror,4
1850,sub_0785_sci-fi,5
1851,sub_0786_romance,6
1852,sub_0787_thriller,7
1853,sub_0788_adventure,8
1854,sub_0789_documentary,9
1855,sub_0790_animation,10
1856,sub_0791_fantasy,11
1857,sub_0792_mystery,12
1858,sub_0793_biography,13
1859,sub_0794_musical,14
1860,sub_0795_western,15
1861,sub_0796_sports,16
1862,sub_0797_war,17
1863,sub_0798_crime,18
1864,sub_0799_family,19
1865,sub_0800_history,20
1866,sub_0801_drama,1
1867,sub_0802_action,2
1868,sub_0803_comedy,3
1869,sub_0804_horror,4
1870,sub_0805_sci-fi,5
1871,sub_0806_romance,6
1872,sub_0807_thriller,7
1873,sub_0808_adventure,8
1874,sub_0809_documentary,9
1875,sub_0810_animation,10
1876,sub_0811_fantasy,11
1877,sub_0812_mystery,12
1878,sub_0813_biography,13
1879,sub_0814_musical,14
1880,sub_0815_western,15
1881,sub_0816_sports,16
1882,sub_0817_war,17
1883,sub_0818_crime,18
1884,sub_0819_family,19
1885,sub_0820_history,20
1886,sub_0821_drama,1
1887,sub_0822_action,2
1888,sub_0823_comedy,3
1889,sub_0824_horror,4
1890,sub_0825_sci-fi,5
1891,sub_0826_romance,6
1892,sub_0827_thriller,7
1893,sub_0828_adventure,8
1894,sub_0829_documentary,9
1895,sub_0830_animation,10
1896,sub_0831_fantasy,11
1897,sub_0832_mystery,12
1898,sub_0833_biography,13
1899,sub_0834_musical,14
1900,sub_0835_western,15
1901,sub_0836_sports,16
1902,sub_0837_war,17
1903,sub_0838_crime,18
1904,sub_0839_family,19
1905,sub_0840_history,20
1906,sub_0841_drama,1
1907,sub_0842_action,2
1908,sub_0843_comedy,3
1909,sub_0844_horror,4
1910,sub_0845_sci-fi,5
1911,sub_0846_romance,6
1912,sub_0847_thriller,7
1913,sub_0848_adventure,8
1914,sub_0849_documentary,9
1915,sub_0850_animation,10
1916,sub_0851_fantasy,11
1917,sub_0852_mystery,12
1918,sub_0853_biography,13
1919,sub_0854_musical,14
1920,sub_0855_western,15
1921,sub_0856_sports,16
1922,sub_0857_war,17
1923,sub_0858_crime,18
1924,sub_0859_family,19
1925,sub_0860_history,20
1926,sub_0861_drama,1
1927,sub_0862_action,2
1928,sub_0863_comedy,3
1929,sub_0864_horror,4
1930,sub_0865_sci-fi,5
1931,sub_0866_romance,6
1932,sub_0867_thriller,7
1933,sub_0868_adventure,8
1934,sub_0869_documentary,9
1935,sub_0870_animation,10
1936,sub_0871_fantasy,11
1937,sub_0872_mystery,12
1938,sub_0873_biography,13
1939,sub_0874_musical,14
1940,sub_0875_western,15
1941,sub_0876_sports,16
1942,sub_0877_war,17
1943,sub_0878_crime,18
1944,sub_0879_family,19
1945,sub_0880_history,20
1946,sub_0881_drama,1
1947,sub_0882_action,2
1948,sub_0883_comedy,3
1949,sub_0884_horror,4
1950,sub_0885_sci-fi,5
1951,sub_0886_romance,6
1952,sub_0887_thriller,7
1953,sub_0888_adventure,8
1954,sub_0889_documentary,9
1955,sub_0890_animation,10
1956,sub_0891_fantasy,11
1957,sub_0892_mystery,12
1958,sub_0893_biography,13
1959,sub_0894_musical,14
1960,sub_0895_western,15
1961,sub_0896_sports,16
1962,sub_0897_war,17
1963,sub_0898_crime,18
1964,sub_0899_family,19
1965,sub_0900_history,20
1966,sub_0901_drama,1
1967,sub_0902_action,2
1968,sub_0903_comedy,3
1969,sub_0904_horror,4
1970,sub_0905_sci-fi,5
1971,sub_0906_romance,6
1972,sub_0907_thriller,7
1973,sub_0908_adventure,8
1974,sub_0909_documentary,9
1975,sub_0910_animation,10
1976,sub_0911_fantasy,11
1977,sub_0912_mystery,12
1978,sub_0913_biography,13
1979,sub_0914_musical,14
1980,sub_0915_western,15
1981,sub_0916_sports,16
1982,sub_0917_war,17
1983,sub_0918_crime,18
1984,sub_0919_family,19
1985,sub_0920_history,20
1986,sub_0921_drama,1
1987,sub_0922_action,2
1988,sub_0923_comedy,3
1989,sub_0924_horror,4
1990,sub_0925_sci-fi,5
1991,sub_0926_romance,6
1992,sub_0927_thriller,7
1993,sub_0928_adventure,8
1994,sub_0929_documentary,9
1995,sub_0930_animation,10
1996,sub_0931_fantasy,11
1997,sub_0932_mystery,12
1998,sub_0933_biography,13
1999,sub_0934_musical,14
2000,sub_0935_western,15
2001,sub_0936_sports,16
2002,sub_0937_war,17
2003,sub_0938_crime,18
2004,sub_0939_family,19
2005,sub_0940_history,20
2006,sub_0941_drama,1
2007,sub_0942_action,2
2008,sub_0943_comedy,3
2009,sub_0944_horror,4
2010,sub_0945_sci-fi,5
2011,sub_0946_romance,6
2012,sub_0947_thriller,7
2013,sub_0948_adventure,8
2014,sub_0949_documentary,9
2015,sub_0950_animation,10
2016,sub_0951_fantasy,11
2017,sub_0952_mystery,12
2018,sub_0953_biography,13
2019,sub_0954_musical,14
2020,sub_0955_western,15
2021,sub_0956_sports,16
2022,sub_0957_war,17
2023,sub_0958_crime,18
2024,sub_0959_family,19
2025,sub_0960_history,20
2026,sub_0961_drama,1
2027,sub_0962_action,2
2028,sub_0963_comedy,3
2029,sub_0964_horror,4
2030,sub_0965_sci-fi,5
2031,sub_0966_romance,6
2032,sub_0967_thriller,7
2033,sub_0968_adventure,8
2034,sub_0969_documentary,9
2035,sub_0970_animation,10
2036,sub_0971_fantasy,11
2037,sub_0972_mystery,12
2038,sub_0973_biography,13
2039,sub_0974_musical,14
2040,sub_0975_western,15
2041,sub_0976_sports,16
2042,sub_0977_war,17
2043,sub_0978_crime,18
2044,sub_0979_family,19
2045,sub_0980_history,20
2046,sub_0981_drama,1
2047,sub_0982_action,2
2048,sub_0983_comedy,3
2049,sub_0984_horror,4
2050,sub_0985_sci-fi,5
2051,sub_0986_romance,6
2052,sub_0987_thriller,7
2053,sub_0988_adventure,8
2054,sub_0989_documentary,9
2055,sub_0990_animation,10
2056,sub_0991_fantasy,11
2057,sub_0992_mystery,12
2058,sub_0993_biography,13
2059,sub_0994_musical,14
2060,sub_0995_western,15
2061,sub_0996_sports,16
2062,sub_0997_war,17
2063,sub_0998_crime,18
2064,sub_0999_family,19
2065,sub_1000_history,20
2066,sub_1001_drama,1
2067,sub_1002_action,2
2068,sub_1003_comedy,3
2069,sub_1004_horror,4
2070,sub_1005_sci-fi,5
2071,sub_1006_romance,6
2072,sub_1007_thriller,7
2073,sub_1008_adventure,8
2074,sub_1009_documentary,9
2075,sub_1010_animation,10
2076,sub_1011_fantasy,11
2077,sub_1012_mystery,12
2078,sub_1013_biography,13
2079,sub_1014_musical,14
2080,sub_1015_western,15
2081,sub_1016_sports,16
2082,sub_1017_war,17
2083,sub_1018_crime,18
2084,sub_1019_family,19
2085,sub_1020_history,20
2086,sub_1021_drama,1
2087,sub_1022_action,2
2088,sub_1023_comedy,3
2089,sub_1024_horror,4
2090,sub_1025_sci-fi,5
2091,sub_1026_romance,6
2092,sub_1027_thriller,7
2093,sub_1028_adventure,8
2094,sub_1029_documentary,9
2095,sub_1030_animation,10
2096,sub_1031_fantasy,11
2097,sub_1032_mystery,12
2098,sub_1033_biography,13
2099,sub_1034_musical,14
2100,sub_1035_western,15
